Workbook

Sheet Change Order Log
A1: CO # | B1: Description | C1: Subcontractor | D1: Status | E1: Amount | F1: Approved Amount | G1: Date Submitted | H1: Date Approved | I1: Days to Approval | J1: Scope Change
A2: CO-001 | B2: Additional concrete pour - North parking deck slab | C2: Baker Concrete | D2: Approved | E2: 245000 | F2: 232750 | G2: 45726 | H2: 45734 | I2: =IF(AND(H2<>"",G2<>""),H2-G2,"") | J2: Concrete
A3: CO-002 | B3: Revised steel beam connections - East upper concourse | C3: Qualico Steel | D3: Approved | E3: 87500 | F3: 87500 | G3: 45728 | H3: 45738 | I3: =IF(AND(H3<>"",G3<>""),H3-G3,"") | J3: Steel
A4: CO-003 | B4: Underground utility relocation - West entry road | C4: A-1 All Florida | D4: Pending | E4: 124300 | F4: 0 | G4: 45731 | I4: =IF(AND(H4<>"",G4<>""),H4-G4,"") | J4: Utilities
A5: CO-004 | B5: Expanded electrical room - Main switchgear upgrade | C5: Baker Concrete | D5: Submitted | E5: 68900 | F5: 0 | G5: 45736 | I5: =IF(AND(H5<>"",G5<>""),H5-G5,"") | J5: Electrical
A6: CO-005 | B6: Railing design change - VIP suite balcony | C6: Qualico Steel | D6: Rejected | E6: 34000 | F6: 0 | G6: 45738 | I6: =IF(AND(H6<>"",G6<>""),H6-G6,"") | J6: Architectural
I7: =IF(AND(H7<>"",G7<>""),H7-G7,"")
I8: =IF(AND(H8<>"",G8<>""),H8-G8,"")
I9: =IF(AND(H9<>"",G9<>""),H9-G9,"")
I10: =IF(AND(H10<>"",G10<>""),H10-G10,"")
I11: =IF(AND(H11<>"",G11<>""),H11-G11,"")
I12: =IF(AND(H12<>"",G12<>""),H12-G12,"")
I13: =IF(AND(H13<>"",G13<>""),H13-G13,"")
I14: =IF(AND(H14<>"",G14<>""),H14-G14,"")
I15: =IF(AND(H15<>"",G15<>""),H15-G15,"")
I16: =IF(AND(H16<>"",G16<>""),H16-G16,"")
I17: =IF(AND(H17<>"",G17<>""),H17-G17,"")
I18: =IF(AND(H18<>"",G18<>""),H18-G18,"")
... I51: =IF(AND(H51<>"",G51<>""),H51-G51,"")
A52: TOTALS | E52: =SUM(E2:E51) | F52: =SUM(F2:F51)

Sheet Summary
A1: Metric | B1: Value
A2: Total Change Orders | B2: =COUNTA('Change Order Log'!A2:A51)
A3: Total Amount ($) | B3: =SUM('Change Order Log'!E2:E51)
A4: Total Approved Amount ($) | B4: =SUM('Change Order Log'!F2:F51)
A5: Status Breakdown
A6: Status: Submitted | B6: =COUNTIF('Change Order Log'!D2:D51,"Submitted")
A7: Status: Approved | B7: =COUNTIF('Change Order Log'!D2:D51,"Approved")
A8: Status: Pending | B8: =COUNTIF('Change Order Log'!D2:D51,"Pending")
A9: Status: Rejected | B9: =COUNTIF('Change Order Log'!D2:D51,"Rejected")
A11: Approved / Total Ratio | B11: =IFERROR(C4/C3,"N/A")
