Workbook

Sheet Punch List
A1: Item # | B1: Location | C1: Trade | D1: Description | E1: Priority | F1: Assignee | G1: Date Identified | H1: Target Date | I1: Days Open | J1: Status | K1: Notes
A2: PL-001 | B2: Storage | C2: HVAC | D2: Toilet flange not secured to floor | E2: Medium | F2: M. Patel | G2: 46040 | H2: 46064 | I2: =IF(G2="","",TODAY()-G2) | J2: Ready for Review | K2: Inspected by N. Davis
A3: PL-002 | B3: Field | C3: Electrical | D3: Paint touch-up required on south wall | E3: Critical | F3: L. Chen | G3: 46145 | H3: 46158 | I3: =IF(G3="","",TODAY()-G3) | J3: Open
A4: PL-003 | B4: Storage | C4: Carpentry | D4: Thermostat not communicating with BMS | E4: Low | F4: J. Garcia | G4: 46139 | H4: 46159 | I4: =IF(G4="","",TODAY()-G4) | J4: Ready for Review
A5: PL-004 | B5: Exterior | C5: Painting | D5: Toilet flange not secured to floor | E5: Low | F5: R. Thompson | G5: 46158 | H5: 46181 | I5: =IF(G5="","",TODAY()-G5) | J5: Rejected | K5: Inspected by A. Kim
A6: PL-005 | B6: Restroom | C6: Steel | D6: Ceiling tile stained — replace | E6: High | F6: K. Johnson | G6: 46161 | H6: 46191 | I6: =IF(G6="","",TODAY()-G6) | J6: Closed | K6: Inspected by L. Chen
A7: PL-006 | B7: Restroom | C7: HVAC | D7: Sprinkler head paint overspray — clean | E7: High | F7: L. Chen | G7: 46040 | H7: 46067 | I7: =IF(G7="","",TODAY()-G7) | J7: Closed | K7: Inspected by N. Davis
A8: PL-007 | B8: Lobby | C8: Millwork | D8: GFCI outlet missing cover plate | E8: Medium | F8: R. Thompson | G8: 46136 | H8: 46158 | I8: =IF(G8="","",TODAY()-G8) | J8: Closed
A9: PL-008 | B9: Field | C9: Steel | D9: Light fixture not aligned with grid | E9: Critical | F9: D. Williams | G9: 46140 | H9: 46163 | I9: =IF(G9="","",TODAY()-G9) | J9: Closed
A10: PL-009 | B10: Exterior | C10: MEP | D10: Missing fire caulking at pipe penetration | E10: Low | F10: T. Brown | G10: 46074 | H10: 46086 | I10: =IF(G10="","",TODAY()-G10) | J10: Open
A11: PL-010 | B11: Lobby | C11: Painting | D11: Window seal gap — apply silicone | E11: Critical | F11: A. Kim | G11: 46042 | H11: 46062 | I11: =IF(G11="","",TODAY()-G11) | J11: In Progress
A12: PL-011 | B12: Lobby | C12: Millwork | D12: Drain cleanout plug cross-threaded | E12: High | F12: T. Brown | G12: 46135 | H12: 46142 | I12: =IF(G12="","",TODAY()-G12) | J12: Open
A13: PL-012 | B13: Concourse | C13: Millwork | D13: Screw pops in drywall — repair and finish | E13: Low | F13: J. Garcia | G13: 46093 | H13: 46119 | I13: =IF(G13="","",TODAY()-G13) | J13: Ready for Review | K13: Inspected by R. Thompson
A14: PL-013 | B14: Lobby | C14: MEP | D14: Handrail bracket loose on stairway | E14: Critical | F14: R. Thompson | G14: 46090 | H14: 46097 | I14: =IF(G14="","",TODAY()-G14) | J14: Open
A15: PL-014 | B15: Roof | C15: Steel | D15: Mirror damaged in west restroom | E15: High | F15: N. Davis | G15: 46146 | H15: 46163 | I15: =IF(G15="","",TODAY()-G15) | J15: In Progress
A16: PL-015 | B16: Field | C16: Carpentry | D16: Floor tile cracked — replace 12×12 section | E16: Medium | F16: J. Garcia | G16: 46174 | H16: 46204 | I16: =IF(G16="","",TODAY()-G16) | J16: Open
A17: PL-016 | B17: Stairwell | C17: Plumbing | D17: Drain cleanout plug cross-threaded | E17: Medium | F17: T. Brown | G17: 46065 | H17: 46074 | I17: =IF(G17="","",TODAY()-G17) | J17: Closed
A18: PL-017 | B18: Concourse | C18: Millwork | D18: Drain cleanout plug cross-threaded | E18: Medium | F18: R. Thompson | G18: 46048 | H18: 46057 | I18: =IF(G18="","",TODAY()-G18) | J18: Ready for Review
A19: PL-018 | B19: Field | C19: Flooring | D19: Paint touch-up required on south wall | E19: Medium | F19: K. Johnson | G19: 46058 | H19: 46070 | I19: =IF(G19="","",TODAY()-G19) | J19: In Progress
A20: PL-019 | B20: Lobby | C20: Millwork | D20: Crack in concrete slab near column B-12 | E20: Critical | F20: T. Brown | G20: 46149 | H20: 46164 | I20: =IF(G20="","",TODAY()-G20) | J20: In Progress | K20: Inspected by S. Rodriguez
A21: PL-020 | B21: Exterior | C21: Glass/Glazing | D21: Fire damper actuator not tested | E21: Critical | F21: N. Davis | G21: 46046 | H21: 46058 | I21: =IF(G21="","",TODAY()-G21) | J21: Ready for Review | K21: Inspected by M. Patel
A22: PL-021 | B22: Exterior | C22: Carpentry | D22: Signage panel not level | E22: Low | F22: S. Rodriguez | G22: 46039 | H22: 46048 | I22: =IF(G22="","",TODAY()-G22) | J22: In Progress
A23: PL-022 | B23: Concourse | C23: Concrete | D23: Sprinkler head paint overspray — clean | E23: Low | F23: M. Patel | G23: 46176 | H23: 46185 | I23: =IF(G23="","",TODAY()-G23) | J23: Closed
A24: PL-023 | B24: Restroom | C24: Carpentry | D24: Handrail bracket loose on stairway | E24: High | F24: K. Johnson | G24: 46077 | H24: 46091 | I24: =IF(G24="","",TODAY()-G24) | J24: Ready for Review
A25: PL-024 | B25: Concourse | C25: Concrete | D25: Sprinkler head paint overspray — clean | E25: High | F25: N. Davis | G25: 46059 | H25: 46075 | I25: =IF(G25="","",TODAY()-G25) | J25: Open
A26: PL-025 | B26: Stairwell | C26: Glass/Glazing | D26: Caulking missing at countertop backsplash | E26: Low | F26: S. Rodriguez | G26: 46147 | H26: 46177 | I26: =IF(G26="","",TODAY()-G26) | J26: Closed
A27: PL-026 | B27: Concourse | C27: MEP | D27: Millwork edge banding peeling on cabinet | E27: Low | F27: K. Johnson | G27: 46118 | H27: 46131 | I27: =IF(G27="","",TODAY()-G27) | J27: Open
A28: PL-027 | B28: Restroom | C28: Painting | D28: ADA push plate missing on exit door | E28: Critical | F28: N. Davis | G28: 46130 | H28: 46147 | I28: =IF(G28="","",TODAY()-G28) | J28: Open | K28: Inspected by T. Brown
A29: PL-028 | B29: Field | C29: Millwork | D29: Roof membrane patched — verify watertight | E29: Low | F29: K. Johnson | G29: 46167 | H29: 46179 | I29: =IF(G29="","",TODAY()-G29) | J29: Closed | K29: Inspected by K. Johnson
A30: PL-029 | B30: MEP Room | C30: Carpentry | D30: Expansion joint cover loose | E30: High | F30: L. Chen | G30: 46088 | H30: 46114 | I30: =IF(G30="","",TODAY()-G30) | J30: Closed
A31: PL-030 | B31: Suite | C31: Plumbing | D31: Crack in concrete slab near column B-12 | E31: Medium | F31: R. Thompson | G31: 46157 | H31: 46167 | I31: =IF(G31="","",TODAY()-G31) | J31: Open | K31: Inspected by R. Thompson
A32: PL-031 | B32: Concourse | C32: General | D32: Screw pops in drywall — repair and finish | E32: Critical | F32: D. Williams | G32: 46167 | H32: 46183 | I32: =IF(G32="","",TODAY()-G32) | J32: Rejected | K32: Inspected by R. Thompson
A33: PL-032 | B33: Roof | C33: Finish | D33: Screw pops in drywall — repair and finish | E33: Critical | F33: N. Davis | G33: 46044 | H33: 46059 | I33: =IF(G33="","",TODAY()-G33) | J33: Open
A34: PL-033 | B34: Restroom | C34: Flooring | D34: Corner guard adhesive failing | E34: Medium | F34: T. Brown | G34: 46172 | H34: 46198 | I34: =IF(G34="","",TODAY()-G34) | J34: Closed | K34: Inspected by A. Kim
A35: PL-034 | B35: Lobby | C35: Steel | D35: Fire damper actuator not tested | E35: Low | F35: K. Johnson | G35: 46109 | H35: 46136 | I35: =IF(G35="","",TODAY()-G35) | J35: Ready for Review
A36: PL-035 | B36: Exterior | C36: Glass/Glazing | D36: Toilet flange not secured to floor | E36: Critical | F36: K. Johnson | G36: 46169 | H36: 46183 | I36: =IF(G36="","",TODAY()-G36) | J36: In Progress | K36: Inspected by R. Thompson
A37: PL-036 | B37: Suite | C37: Flooring | D37: Corner guard adhesive failing | E37: Low | F37: D. Williams | G37: 46166 | H37: 46196 | I37: =IF(G37="","",TODAY()-G37) | J37: Ready for Review | K37: Inspected by K. Johnson
A38: PL-037 | B38: Field | C38: Carpentry | D38: Floor tile cracked — replace 12×12 section | E38: Critical | F38: D. Williams | G38: 46102 | H38: 46125 | I38: =IF(G38="","",TODAY()-G38) | J38: Open
A39: PL-038 | B39: Restroom | C39: HVAC | D39: Screw pops in drywall — repair and finish | E39: Low | F39: S. Rodriguez | G39: 46126 | H39: 46140 | I39: =IF(G39="","",TODAY()-G39) | J39: Open | K39: Inspected by T. Brown
A40: PL-039 | B40: Lobby | C40: MEP | D40: Sprinkler head paint overspray — clean | E40: Low | F40: R. Thompson | G40: 46045 | H40: 46071 | I40: =IF(G40="","",TODAY()-G40) | J40: Closed
A41: PL-040 | B41: Concourse | C41: Carpentry | D41: Corner guard adhesive failing | E41: Low | F41: K. Johnson | G41: 46043 | H41: 46061 | I41: =IF(G41="","",TODAY()-G41) | J41: Open | K41: Inspected by N. Davis
A42: PL-041 | B42: Roof | C42: General | D42: Rainwater downspout extension missing | E42: Medium | F42: K. Johnson | G42: 46146 | H42: 46153 | I42: =IF(G42="","",TODAY()-G42) | J42: Ready for Review
A43: PL-042 | B43: Suite | C43: Steel | D43: Sprinkler head paint overspray — clean | E43: Critical | F43: D. Williams | G43: 46137 | H43: 46149 | I43: =IF(G43="","",TODAY()-G43) | J43: Open | K43: Inspected by A. Kim
A44: PL-043 | B44: Concourse | C44: Carpentry | D44: Door closer speed set too fast | E44: Low | F44: M. Patel | G44: 46073 | H44: 46102 | I44: =IF(G44="","",TODAY()-G44) | J44: Rejected
A45: PL-044 | B45: Suite | C45: Concrete | D45: Toilet flange not secured to floor | E45: High | F45: J. Garcia | G45: 46070 | H45: 46088 | I45: =IF(G45="","",TODAY()-G45) | J45: Open
A46: PL-045 | B46: Field | C46: Plumbing | D46: Window seal gap — apply silicone | E46: High | F46: N. Davis | G46: 46122 | H46: 46144 | I46: =IF(G46="","",TODAY()-G46) | J46: Closed
A47: PL-046 | B47: Lobby | C47: Glass/Glazing | D47: Baseboard gap exceeds 1/8" at joint | E47: Low | F47: L. Chen | G47: 46084 | H47: 46105 | I47: =IF(G47="","",TODAY()-G47) | J47: Closed
A48: PL-047 | B48: Suite | C48: MEP | D48: Handrail bracket loose on stairway | E48: Medium | F48: A. Kim | G48: 46058 | H48: 46080 | I48: =IF(G48="","",TODAY()-G48) | J48: In Progress
A49: PL-048 | B49: Field | C49: Carpentry | D49: Thermostat not communicating with BMS | E49: Low | F49: K. Johnson | G49: 46139 | H49: 46167 | I49: =IF(G49="","",TODAY()-G49) | J49: Rejected
A50: PL-049 | B50: Roof | C50: Finish | D50: Ceiling tile stained — replace | E50: Low | F50: M. Patel | G50: 46060 | H50: 46082 | I50: =IF(G50="","",TODAY()-G50) | J50: Ready for Review | K50: Inspected by J. Garcia
A51: PL-050 | B51: Roof | C51: General | D51: Toilet flange not secured to floor | E51: Low | F51: S. Rodriguez | G51: 46090 | H51: 46119 | I51: =IF(G51="","",TODAY()-G51) | J51: Closed
A52: PL-051 | B52: Storage | C52: Flooring | D52: Mirror damaged in west restroom | E52: Critical | F52: T. Brown | G52: 46173 | H52: 46195 | I52: =IF(G52="","",TODAY()-G52) | J52: Open
A53: PL-052 | B53: Exterior | C53: MEP | D53: Missing fire caulking at pipe penetration | E53: Medium | F53: K. Johnson | G53: 46117 | H53: 46136 | I53: =IF(G53="","",TODAY()-G53) | J53: In Progress
A54: PL-053 | B54: Suite | C54: Electrical | D54: Roof membrane patched — verify watertight | E54: Critical | F54: N. Davis | G54: 46153 | H54: 46162 | I54: =IF(G54="","",TODAY()-G54) | J54: Closed
A55: PL-054 | B55: Stairwell | C55: Steel | D55: Crack in concrete slab near column B-12 | E55: Critical | F55: K. Johnson | G55: 46134 | H55: 46155 | I55: =IF(G55="","",TODAY()-G55) | J55: In Progress | K55: Inspected by T. Brown
A56: PL-055 | B56: Stairwell | C56: Finish | D56: HVAC duct insulation gap at return plenum | E56: Critical | F56: N. Davis | G56: 46137 | H56: 46147 | I56: =IF(G56="","",TODAY()-G56) | J56: Open | K56: Inspected by K. Johnson
A57: PL-056 | B57: Field | C57: Flooring | D57: Mirror damaged in west restroom | E57: High | F57: A. Kim | G57: 46126 | H57: 46144 | I57: =IF(G57="","",TODAY()-G57) | J57: Ready for Review | K57: Inspected by M. Patel
A58: PL-057 | B58: Storage | C58: HVAC | D58: Door closer speed set too fast | E58: Low | F58: N. Davis | G58: 46040 | H58: 46061 | I58: =IF(G58="","",TODAY()-G58) | J58: Closed
A59: PL-058 | B59: Stairwell | C59: HVAC | D59: Door closer speed set too fast | E59: Low | F59: J. Garcia | G59: 46078 | H59: 46098 | I59: =IF(G59="","",TODAY()-G59) | J59: Closed
A60: PL-059 | B60: Field | C60: Plumbing | D60: EMT conduit support clamp missing | E60: Low | F60: L. Chen | G60: 46127 | H60: 46140 | I60: =IF(G60="","",TODAY()-G60) | J60: In Progress
A61: PL-060 | B61: Storage | C61: Finish | D61: Light fixture not aligned with grid | E61: Medium | F61: A. Kim | G61: 46160 | H61: 46175 | I61: =IF(G61="","",TODAY()-G61) | J61: In Progress
A62: PL-061 | B62: Restroom | C62: HVAC | D62: Thermostat not communicating with BMS | E62: Critical | F62: D. Williams | G62: 46040 | H62: 46047 | I62: =IF(G62="","",TODAY()-G62) | J62: Rejected
A63: PL-062 | B63: Roof | C63: Plumbing | D63: Expansion joint cover loose | E63: Critical | F63: A. Kim | G63: 46160 | H63: 46167 | I63: =IF(G63="","",TODAY()-G63) | J63: In Progress | K63: Inspected by T. Brown
A64: PL-063 | B64: Roof | C64: MEP | D64: Ceiling tile stained — replace | E64: High | F64: A. Kim | G64: 46144 | H64: 46152 | I64: =IF(G64="","",TODAY()-G64) | J64: Ready for Review | K64: Inspected by K. Johnson
A65: PL-064 | B65: Storage | C65: Finish | D65: Baseboard gap exceeds 1/8" at joint | E65: Low | F65: J. Garcia | G65: 46123 | H65: 46153 | I65: =IF(G65="","",TODAY()-G65) | J65: Closed
A66: PL-065 | B66: Restroom | C66: Glass/Glazing | D66: Window seal gap — apply silicone | E66: High | F66: T. Brown | G66: 46093 | H66: 46114 | I66: =IF(G66="","",TODAY()-G66) | J66: Open
A67: PL-066 | B67: Concourse | C67: Carpentry | D67: Light fixture not aligned with grid | E67: Critical | F67: M. Patel | G67: 46139 | H67: 46149 | I67: =IF(G67="","",TODAY()-G67) | J67: Closed | K67: Inspected by M. Patel
A68: PL-067 | B68: MEP Room | C68: Finish | D68: Crack in concrete slab near column B-12 | E68: Critical | F68: J. Garcia | G68: 46040 | H68: 46051 | I68: =IF(G68="","",TODAY()-G68) | J68: Closed
A69: PL-068 | B69: Field | C69: General | D69: Floor tile cracked — replace 12×12 section | E69: Medium | F69: D. Williams | G69: 46047 | H69: 46058 | I69: =IF(G69="","",TODAY()-G69) | J69: Closed | K69: Inspected by J. Garcia
A70: PL-069 | B70: Storage | C70: Electrical | D70: Mirror damaged in west restroom | E70: Medium | F70: K. Johnson | G70: 46051 | H70: 46079 | I70: =IF(G70="","",TODAY()-G70) | J70: Closed | K70: Inspected by T. Brown
A71: PL-070 | B71: Lobby | C71: MEP | D71: Missing fire caulking at pipe penetration | E71: High | F71: A. Kim | G71: 46124 | H71: 46132 | I71: =IF(G71="","",TODAY()-G71) | J71: Open
A72: PL-071 | B72: Roof | C72: Steel | D72: GFCI outlet missing cover plate | E72: Low | F72: T. Brown | G72: 46179 | H72: 46205 | I72: =IF(G72="","",TODAY()-G72) | J72: Open | K72: Inspected by D. Williams
A73: PL-072 | B73: Stairwell | C73: Carpentry | D73: Toilet flange not secured to floor | E73: Low | F73: D. Williams | G73: 46175 | H73: 46192 | I73: =IF(G73="","",TODAY()-G73) | J73: Open
A74: PL-073 | B74: Stairwell | C74: General | D74: Ceiling tile stained — replace | E74: Medium | F74: J. Garcia | G74: 46140 | H74: 46156 | I74: =IF(G74="","",TODAY()-G74) | J74: Rejected
A75: PL-074 | B75: Exterior | C75: Finish | D75: Light fixture not aligned with grid | E75: Critical | F75: K. Johnson | G75: 46177 | H75: 46202 | I75: =IF(G75="","",TODAY()-G75) | J75: Open
A76: PL-075 | B76: Concourse | C76: HVAC | D76: Mirror damaged in west restroom | E76: Low | F76: T. Brown | G76: 46146 | H76: 46165 | I76: =IF(G76="","",TODAY()-G76) | J76: Rejected | K76: Inspected by R. Thompson
A77: PL-076 | B77: Lobby | C77: Finish | D77: Floor tile cracked — replace 12×12 section | E77: Medium | F77: S. Rodriguez | G77: 46090 | H77: 46115 | I77: =IF(G77="","",TODAY()-G77) | J77: In Progress
A78: PL-077 | B78: Lobby | C78: Electrical | D78: Screw pops in drywall — repair and finish | E78: Medium | F78: T. Brown | G78: 46172 | H78: 46189 | I78: =IF(G78="","",TODAY()-G78) | J78: Open | K78: Inspected by D. Williams
A79: PL-078 | B79: Exterior | C79: General | D79: Window seal gap — apply silicone | E79: Low | F79: L. Chen | G79: 46121 | H79: 46139 | I79: =IF(G79="","",TODAY()-G79) | J79: In Progress
A80: PL-079 | B80: Field | C80: Millwork | D80: Door frame not plumb — shim and adjust | E80: Critical | F80: N. Davis | G80: 46107 | H80: 46127 | I80: =IF(G80="","",TODAY()-G80) | J80: In Progress | K80: Inspected by K. Johnson
A81: PL-080 | B81: Storage | C81: Concrete | D81: HVAC duct insulation gap at return plenum | E81: Low | F81: R. Thompson | G81: 46180 | H81: 46197 | I81: =IF(G81="","",TODAY()-G81) | J81: Closed
A82: PL-081 | B82: Lobby | C82: Finish | D82: Mirror damaged in west restroom | E82: Low | F82: D. Williams | G82: 46074 | H82: 46084 | I82: =IF(G82="","",TODAY()-G82) | J82: In Progress
A83: PL-082 | B83: Lobby | C83: Concrete | D83: Drain cleanout plug cross-threaded | E83: Medium | F83: A. Kim | G83: 46085 | H83: 46103 | I83: =IF(G83="","",TODAY()-G83) | J83: Open
A84: PL-083 | B84: Concourse | C84: General | D84: Expansion joint cover loose | E84: Low | F84: T. Brown | G84: 46083 | H84: 46113 | I84: =IF(G84="","",TODAY()-G84) | J84: Open
A85: PL-084 | B85: Stairwell | C85: Glass/Glazing | D85: Screw pops in drywall — repair and finish | E85: High | F85: L. Chen | G85: 46073 | H85: 46082 | I85: =IF(G85="","",TODAY()-G85) | J85: Closed | K85: Inspected by A. Kim
A86: PL-085 | B86: Storage | C86: HVAC | D86: Handrail bracket loose on stairway | E86: Critical | F86: M. Patel | G86: 46066 | H86: 46078 | I86: =IF(G86="","",TODAY()-G86) | J86: Ready for Review | K86: Inspected by D. Williams
A87: PL-086 | B87: Stairwell | C87: Electrical | D87: Fire damper actuator not tested | E87: High | F87: N. Davis | G87: 46091 | H87: 46111 | I87: =IF(G87="","",TODAY()-G87) | J87: Closed
A88: PL-087 | B88: Stairwell | C88: Carpentry | D88: Drain cleanout plug cross-threaded | E88: Low | F88: T. Brown | G88: 46046 | H88: 46064 | I88: =IF(G88="","",TODAY()-G88) | J88: Closed
A89: PL-088 | B89: Restroom | C89: HVAC | D89: Millwork edge banding peeling on cabinet | E89: Medium | F89: K. Johnson | G89: 46074 | H89: 46086 | I89: =IF(G89="","",TODAY()-G89) | J89: Open
A90: PL-089 | B90: MEP Room | C90: Painting | D90: Baseboard gap exceeds 1/8" at joint | E90: High | F90: J. Garcia | G90: 46161 | H90: 46175 | I90: =IF(G90="","",TODAY()-G90) | J90: Open | K90: Inspected by S. Rodriguez
A91: PL-090 | B91: Suite | C91: HVAC | D91: Curb angle not anchored per detail | E91: Medium | F91: S. Rodriguez | G91: 46120 | H91: 46139 | I91: =IF(G91="","",TODAY()-G91) | J91: Closed
A92: PL-091 | B92: Roof | C92: Electrical | D92: Missing fire caulking at pipe penetration | E92: Critical | F92: A. Kim | G92: 46115 | H92: 46129 | I92: =IF(G92="","",TODAY()-G92) | J92: Open
A93: PL-092 | B93: Lobby | C93: MEP | D93: Light fixture not aligned with grid | E93: Critical | F93: M. Patel | G93: 46139 | H93: 46169 | I93: =IF(G93="","",TODAY()-G93) | J93: Open | K93: Inspected by A. Kim
A94: PL-093 | B94: Lobby | C94: Glass/Glazing | D94: Crack in concrete slab near column B-12 | E94: High | F94: M. Patel | G94: 46104 | H94: 46123 | I94: =IF(G94="","",TODAY()-G94) | J94: Open | K94: Inspected by S. Rodriguez
A95: PL-094 | B95: Storage | C95: Steel | D95: Expansion joint cover loose | E95: Medium | F95: T. Brown | G95: 46107 | H95: 46124 | I95: =IF(G95="","",TODAY()-G95) | J95: Open
A96: PL-095 | B96: Exterior | C96: Painting | D96: Baseboard gap exceeds 1/8" at joint | E96: Medium | F96: T. Brown | G96: 46075 | H96: 46083 | I96: =IF(G96="","",TODAY()-G96) | J96: Open
A97: PL-096 | B97: MEP Room | C97: Electrical | D97: Thermostat not communicating with BMS | E97: Critical | F97: A. Kim | G97: 46124 | H97: 46143 | I97: =IF(G97="","",TODAY()-G97) | J97: Ready for Review
A98: PL-097 | B98: Lobby | C98: Carpentry | D98: Expansion joint cover loose | E98: Low | F98: A. Kim | G98: 46101 | H98: 46125 | I98: =IF(G98="","",TODAY()-G98) | J98: In Progress | K98: Inspected by S. Rodriguez
A99: PL-098 | B99: Stairwell | C99: Steel | D99: Curb angle not anchored per detail | E99: Critical | F99: T. Brown | G99: 46117 | H99: 46147 | I99: =IF(G99="","",TODAY()-G99) | J99: Closed
A100: PL-099 | B100: Field | C100: Finish | D100: Mirror damaged in west restroom | E100: Low | F100: A. Kim | G100: 46154 | H100: 46182 | I100: =IF(G100="","",TODAY()-G100) | J100: Closed | K100: Inspected by D. Williams
...

Sheet Summary
A1: PUNCH LIST SUMMARY REPORT
A3: Total Items | B3: =COUNTA('Punch List'!A2:A201)
A5: STATUS BREAKDOWN
A6: Open | B6: =COUNTIF('Punch List'!J2:J201,"Open") | C6: =IF(COUNTA('Punch List'!A2:A201)=0,0,=COUNTIF('Punch List'!J2:J201,"Open")/COUNTA('Punch List'!A2:A201))
A7: In Progress | B7: =COUNTIF('Punch List'!J2:J201,"In Progress") | C7: =IF(COUNTA('Punch List'!A2:A201)=0,0,=COUNTIF('Punch List'!J2:J201,"In Progress")/COUNTA('Punch List'!A2:A201))
A8: Ready for Review | B8: =COUNTIF('Punch List'!J2:J201,"Ready for Review") | C8: =IF(COUNTA('Punch List'!A2:A201)=0,0,=COUNTIF('Punch List'!J2:J201,"Ready for Review")/COUNTA('Punch List'!A2:A201))
A9: Closed | B9: =COUNTIF('Punch List'!J2:J201,"Closed") | C9: =IF(COUNTA('Punch List'!A2:A201)=0,0,=COUNTIF('Punch List'!J2:J201,"Closed")/COUNTA('Punch List'!A2:A201))
A10: Rejected | B10: =COUNTIF('Punch List'!J2:J201,"Rejected") | C10: =IF(COUNTA('Punch List'!A2:A201)=0,0,=COUNTIF('Punch List'!J2:J201,"Rejected")/COUNTA('Punch List'!A2:A201))
A12: BY PRIORITY
A13: Low | B13: =COUNTIF('Punch List'!E2:E201,"Low")
A14: Medium | B14: =COUNTIF('Punch List'!E2:E201,"Medium")
A15: High | B15: =COUNTIF('Punch List'!E2:E201,"High")
A16: Critical | B16: =COUNTIF('Punch List'!E2:E201,"Critical")
A18: TOP TRADES
A19: Concrete | B19: =COUNTIF('Punch List'!C2:C201,"Concrete")
A20: Steel | B20: =COUNTIF('Punch List'!C2:C201,"Steel")
A21: MEP | B21: =COUNTIF('Punch List'!C2:C201,"MEP")
A22: Finish | B22: =COUNTIF('Punch List'!C2:C201,"Finish")
A23: Electrical | B23: =COUNTIF('Punch List'!C2:C201,"Electrical")
A24: Plumbing | B24: =COUNTIF('Punch List'!C2:C201,"Plumbing")
A25: HVAC | B25: =COUNTIF('Punch List'!C2:C201,"HVAC")
A26: Carpentry | B26: =COUNTIF('Punch List'!C2:C201,"Carpentry")
A27: Painting | B27: =COUNTIF('Punch List'!C2:C201,"Painting")
A28: Flooring | B28: =COUNTIF('Punch List'!C2:C201,"Flooring")
A30: AVERAGE DAYS OPEN
A31: Avg Days Open (Open Items) | B31: =IFERROR(AVERAGEIF('Punch List'!J2:J201,"Open",'Punch List'!I2:I201),0)
A32: Avg Days Open (All Items) | B32: =IFERROR(AVERAGE('Punch List'!I2:I201),0)
