Workbook

Sheet Evaluation Matrix
A1: Criterion | B1: Weight (%) | C1: Vendor 1 | D1: Vendor 2 | E1: Vendor 3 | F1: Vendor 4 | G1: Max Score
A2: Price / Cost Competitiveness | B2: 0.25 | G2: 10
A3: Experience / Qualifications | B3: 0.2 | G3: 10
A4: Schedule Compliance | B4: 0.15 | G4: 10
A5: Quality / References | B5: 0.15 | G5: 10
A6: Safety Record | B6: 0.1 | G6: 10
A7: Local Presence / Capacity | B7: 0.1 | G7: 10
A8: Warranty / Support | B8: 0.05 | G8: 10
A9: Weighted Score | C9: =SUMPRODUCT($B$2:$B$8,C$2:C$8) | D9: =SUMPRODUCT($B$2:$B$8,D$2:D$8) | E9: =SUMPRODUCT($B$2:$B$8,E$2:E$8) | F9: =SUMPRODUCT($B$2:$B$8,F$2:F$8)
A10: Ranking | C10: =IF(C9="","",RANK(C9,$C$9:$F$9)) | D10: =IF(D9="","",RANK(D9,$C$9:$F$9)) | E10: =IF(E9="","",RANK(E9,$C$9:$F$9)) | F10: =IF(F9="","",RANK(F9,$C$9:$F$9))

Sheet Comparison
A1: Vendor Comparison — Top Scores per Criterion
A3: Criterion | B3: Vendor 1 | C3: Vendor 2 | D3: Vendor 3 | E3: Vendor 4 | F3: Best Score
A4: Price / Cost Competitiveness | B4: ='Evaluation Matrix'!C2 | C4: ='Evaluation Matrix'!D2 | D4: ='Evaluation Matrix'!E2 | E4: ='Evaluation Matrix'!F2 | F4: =MAX(B4:E4)
A5: Experience / Qualifications | B5: ='Evaluation Matrix'!C3 | C5: ='Evaluation Matrix'!D3 | D5: ='Evaluation Matrix'!E3 | E5: ='Evaluation Matrix'!F3 | F5: =MAX(B5:E5)
A6: Schedule Compliance | B6: ='Evaluation Matrix'!C4 | C6: ='Evaluation Matrix'!D4 | D6: ='Evaluation Matrix'!E4 | E6: ='Evaluation Matrix'!F4 | F6: =MAX(B6:E6)
A7: Quality / References | B7: ='Evaluation Matrix'!C5 | C7: ='Evaluation Matrix'!D5 | D7: ='Evaluation Matrix'!E5 | E7: ='Evaluation Matrix'!F5 | F7: =MAX(B7:E7)
A8: Safety Record | B8: ='Evaluation Matrix'!C6 | C8: ='Evaluation Matrix'!D6 | D8: ='Evaluation Matrix'!E6 | E8: ='Evaluation Matrix'!F6 | F8: =MAX(B8:E8)
A9: Local Presence / Capacity | B9: ='Evaluation Matrix'!C7 | C9: ='Evaluation Matrix'!D7 | D9: ='Evaluation Matrix'!E7 | E9: ='Evaluation Matrix'!F7 | F9: =MAX(B9:E9)
A10: Warranty / Support | B10: ='Evaluation Matrix'!C8 | C10: ='Evaluation Matrix'!D8 | D10: ='Evaluation Matrix'!E8 | E10: ='Evaluation Matrix'!F8 | F10: =MAX(B10:E10)
A12: Recommendation
A13: Highest Weighted Score | B13: ='Evaluation Matrix'!C9 | C13: ='Evaluation Matrix'!D9 | D13: ='Evaluation Matrix'!E9 | E13: ='Evaluation Matrix'!F9
A14: Recommended Vendor | B14: =INDEX($B$13:$E$13,MATCH(MAX($B$13:$E$13),$B$13:$E$13,0))
A16: Notes & Decision
A17: Key Decision Factors:
A31: Date: ____________________________________________
